user_id,book_id,borrow_date,return_date,borrow_date,borrow_month,borrow_year,pages,reservation_status,overdue_status,user_role,book_category,book_holding_days
30,198,3/13/2023,3/29/2023,13,3,2023,456,TRUE,1,student,non-fiction,16
68,45,4/2/2022,4/7/2022,2,4,2022,116,TRUE,0,student,art,5
97,42,6/6/2023,6/8/2023,6,6,2023,102,TRUE,0,faculty,history,2
86,69,10/5/2022,10/24/2022,5,10,2022,544,FALSE,1,student,non-fiction,19
85,156,7/4/2020,7/9/2020,4,7,2020,107,FALSE,0,student,fiction,5
55,90,10/28/2023,11/15/2023,28,10,2023,369,FALSE,1,student,art,18
71,84,4/11/2023,4/30/2023,11,4,2023,552,FALSE,1,staff,science,19
42,191,7/21/2023,8/9/2023,21,7,2023,429,FALSE,1,staff,fiction,19
97,129,9/1/2022,9/16/2022,1,9,2022,425,TRUE,1,student,non-fiction,15
36,101,7/10/2023,7/16/2023,10,7,2023,191,FALSE,0,student,science,6
85,169,8/19/2022,9/5/2022,19,8,2022,451,TRUE,1,faculty,history,17
16,39,5/3/2022,5/10/2022,3,5,2022,218,FALSE,0,faculty,history,7
54,192,12/14/2022,12/19/2022,14,12,2022,181,TRUE,0,faculty,science,5
67,109,1/9/2022,1/14/2022,9,1,2022,193,FALSE,0,staff,non-fiction,5
22,124,6/10/2020,6/19/2020,10,6,2020,294,FALSE,1,staff,science,9
99,169,7/4/2022,7/21/2022,4,7,2022,461,TRUE,1,faculty,non-fiction,17
86,49,7/27/2020,8/8/2020,27,7,2020,280,FALSE,1,faculty,art,12
64,19,1/16/2024,1/18/2024,16,1,2024,63,FALSE,0,student,fiction,2
38,49,1/3/2025,1/19/2025,3,1,2025,388,FALSE,1,faculty,fiction,16
99,163,11/11/2023,11/27/2023,11,11,2023,470,FALSE,1,faculty,science,16
51,42,7/24/2023,7/27/2023,24,7,2023,108,TRUE,0,staff,history,3
38,105,9/10/2021,9/16/2021,10,9,2021,143,TRUE,0,student,art,6
14,59,10/25/2021,11/11/2021,25,10,2021,498,TRUE,1,faculty,non-fiction,17
19,84,2/27/2020,3/9/2020,27,2,2020,322,TRUE,1,faculty,non-fiction,11
65,15,3/28/2025,3/29/2025,28,3,2025,50,FALSE,0,student,art,1
32,95,8/3/2023,8/21/2023,3,8,2023,517,TRUE,1,faculty,science,18
33,70,7/6/2021,7/9/2021,6,7,2021,137,FALSE,0,student,science,3
84,18,10/6/2020,10/15/2020,6,10,2020,233,TRUE,1,faculty,fiction,9
93,172,8/5/2020,8/7/2020,5,8,2020,104,FALSE,0,staff,non-fiction,2
22,133,2/4/2024,2/18/2024,4,2,2024,373,TRUE,1,faculty,history,14
72,173,12/29/2024,12/30/2024,29,12,2024,97,TRUE,0,staff,fiction,1
22,135,7/3/2020,7/19/2020,3,7,2020,443,TRUE,1,staff,non-fiction,16
19,60,9/13/2024,9/25/2024,13,9,2024,356,FALSE,1,faculty,science,12
27,39,6/11/2021,6/26/2021,11,6,2021,318,FALSE,1,faculty,art,15
63,65,3/17/2022,4/5/2022,17,3,2022,538,TRUE,1,faculty,non-fiction,19
84,10,7/30/2021,8/6/2021,30,7,2021,253,FALSE,0,student,science,7
73,156,4/29/2020,5/18/2020,29,4,2020,548,TRUE,1,student,science,19
60,183,12/14/2021,12/20/2021,14,12,2021,183,TRUE,0,staff,non-fiction,6
50,113,11/2/2024,11/12/2024,2,11,2024,219,TRUE,1,student,art,10
41,189,11/24/2022,12/1/2022,24,11,2022,186,TRUE,0,faculty,art,7
50,7,1/19/2024,1/26/2024,19,1,2024,198,TRUE,0,student,fiction,7
71,60,1/29/2022,2/15/2022,29,1,2022,444,FALSE,1,staff,history,17
97,149,6/10/2020,6/11/2020,10,6,2020,53,TRUE,0,student,history,1
62,193,1/31/2020,2/12/2020,31,1,2020,323,FALSE,1,student,history,12
31,93,1/2/2025,1/12/2025,2,1,2025,301,TRUE,1,staff,non-fiction,10
96,199,12/27/2022,1/14/2023,27,12,2022,462,TRUE,1,student,history,18
37,36,1/27/2021,2/2/2021,27,1,2021,170,FALSE,0,student,art,6
13,183,4/12/2023,4/22/2023,12,4,2023,303,FALSE,1,faculty,non-fiction,10
30,157,5/31/2023,6/11/2023,31,5,2023,351,FALSE,1,staff,science,11
85,5,1/20/2020,2/2/2020,20,1,2020,392,TRUE,1,staff,science,13
66,73,7/1/2023,7/10/2023,1,7,2023,231,TRUE,1,faculty,fiction,9
70,88,12/4/2023,12/13/2023,4,12,2023,226,FALSE,1,student,art,9
59,121,3/14/2022,4/2/2022,14,3,2022,386,TRUE,1,student,art,19
82,53,3/28/2024,4/4/2024,28,3,2024,169,TRUE,0,staff,art,7
90,23,10/2/2020,10/9/2020,2,10,2020,215,TRUE,0,faculty,non-fiction,7
42,159,11/17/2022,12/7/2022,17,11,2022,565,TRUE,1,staff,science,20
53,145,1/4/2021,1/8/2021,4,1,2021,129,TRUE,0,staff,history,4
62,27,3/26/2022,4/14/2022,26,3,2022,439,FALSE,1,student,art,19
32,104,1/21/2024,2/8/2024,21,1,2024,442,FALSE,1,student,history,18
13,95,9/24/2024,10/7/2024,24,9,2024,327,FALSE,1,staff,fiction,13
25,175,7/27/2020,8/7/2020,27,7,2020,238,FALSE,1,faculty,fiction,11
13,69,6/24/2021,7/14/2021,24,6,2021,546,FALSE,1,staff,non-fiction,20
1,85,8/27/2022,9/3/2022,27,8,2022,187,TRUE,0,staff,fiction,7
39,87,6/15/2022,6/16/2022,15,6,2022,66,TRUE,0,staff,art,1
95,16,6/29/2022,6/30/2022,29,6,2022,78,FALSE,0,student,history,1
20,75,10/30/2023,11/4/2023,30,10,2023,149,TRUE,0,faculty,art,5
31,167,12/14/2020,12/18/2020,14,12,2020,128,TRUE,0,staff,history,4
41,162,6/8/2020,6/17/2020,8,6,2020,277,FALSE,1,staff,science,9
26,5,11/8/2024,11/21/2024,8,11,2024,407,TRUE,1,student,science,13
6,25,5/29/2023,6/10/2023,29,5,2023,346,FALSE,1,faculty,non-fiction,12
15,178,8/28/2022,9/12/2022,28,8,2022,310,FALSE,1,student,art,15
2,177,1/3/2025,1/21/2025,3,1,2025,437,FALSE,1,student,history,18
73,74,5/13/2021,5/27/2021,13,5,2021,384,TRUE,1,student,non-fiction,14
22,122,10/7/2023,10/12/2023,7,10,2023,144,FALSE,0,staff,art,5
34,61,10/27/2024,10/29/2024,27,10,2024,103,TRUE,0,faculty,science,2
72,107,5/9/2023,5/17/2023,9,5,2023,207,TRUE,1,student,art,8
77,173,3/4/2022,3/22/2022,4,3,2022,494,FALSE,1,student,non-fiction,18
28,32,1/29/2020,2/5/2020,29,1,2020,226,FALSE,0,student,non-fiction,7
9,180,11/11/2022,11/27/2022,11,11,2022,384,TRUE,1,student,fiction,16
100,191,1/19/2023,1/30/2023,19,1,2023,262,FALSE,1,staff,fiction,11
76,66,8/4/2023,8/6/2023,4,8,2023,109,FALSE,0,staff,science,2
64,79,1/11/2022,1/20/2022,11,1,2022,262,FALSE,1,faculty,non-fiction,9
43,159,4/20/2023,5/10/2023,20,4,2023,425,TRUE,1,faculty,art,20
79,197,11/12/2020,11/13/2020,12,11,2020,50,TRUE,0,faculty,art,1
59,144,11/6/2021,11/26/2021,6,11,2021,482,FALSE,1,student,history,20
97,142,7/2/2023,7/18/2023,2,7,2023,479,FALSE,1,student,science,16
100,198,1/31/2022,2/9/2022,31,1,2022,241,FALSE,1,staff,history,9
26,27,11/21/2022,12/5/2022,21,11,2022,331,FALSE,1,staff,fiction,14
86,83,8/9/2023,8/22/2023,9,8,2023,400,TRUE,1,student,science,13
98,89,7/11/2021,7/18/2021,11,7,2021,192,FALSE,0,student,fiction,7
60,96,2/28/2020,3/9/2020,28,2,2020,285,TRUE,1,student,history,10
75,35,6/12/2023,6/17/2023,12,6,2023,141,TRUE,0,faculty,fiction,5
73,84,9/4/2020,9/18/2020,4,9,2020,306,FALSE,1,staff,art,14
38,1,11/5/2024,11/6/2024,5,11,2024,54,TRUE,0,faculty,art,1
76,27,5/10/2021,5/15/2021,10,5,2021,150,TRUE,0,staff,science,5
28,94,9/13/2023,9/24/2023,13,9,2023,242,TRUE,1,faculty,fiction,11
8,160,9/30/2024,10/13/2024,30,9,2024,270,TRUE,1,staff,art,13
29,150,9/22/2024,9/30/2024,22,9,2024,209,TRUE,1,student,history,8
14,91,5/26/2020,5/29/2020,26,5,2020,129,TRUE,0,student,non-fiction,3
54,23,4/13/2024,5/2/2024,13,4,2024,419,TRUE,1,faculty,fiction,19
85,29,7/6/2021,7/16/2021,6,7,2021,292,FALSE,1,student,non-fiction,10
65,91,2/24/2021,2/26/2021,24,2,2021,120,TRUE,0,student,non-fiction,2
82,141,10/27/2023,11/16/2023,27,10,2023,498,FALSE,1,staff,history,20
56,110,1/4/2023,1/15/2023,4,1,2023,338,TRUE,1,faculty,non-fiction,11
45,32,9/7/2021,9/21/2021,7,9,2021,383,TRUE,1,student,non-fiction,14
34,85,2/24/2023,3/12/2023,24,2,2023,467,TRUE,1,staff,science,16
89,188,4/6/2024,4/15/2024,6,4,2024,233,TRUE,1,student,history,9
32,131,3/24/2023,4/1/2023,24,3,2023,221,TRUE,1,faculty,history,8
80,173,10/30/2020,11/17/2020,30,10,2020,538,FALSE,1,faculty,science,18
15,117,4/5/2024,4/17/2024,5,4,2024,334,TRUE,1,student,science,12
63,71,7/31/2022,8/13/2022,31,7,2022,318,FALSE,1,staff,fiction,13
73,4,5/10/2024,5/26/2024,10,5,2024,416,FALSE,1,student,history,16
79,33,9/14/2022,9/22/2022,14,9,2022,216,FALSE,1,faculty,history,8
14,139,2/22/2020,3/10/2020,22,2,2020,409,FALSE,1,student,history,17
52,32,9/18/2021,10/2/2021,18,9,2021,367,FALSE,1,faculty,history,14
85,49,10/15/2020,10/29/2020,15,10,2020,408,TRUE,1,faculty,science,14
86,55,7/16/2022,8/1/2022,16,7,2022,416,FALSE,1,faculty,history,16
11,121,3/10/2022,3/14/2022,10,3,2022,116,TRUE,0,student,art,4
35,188,4/7/2022,4/18/2022,7,4,2022,367,TRUE,1,staff,science,11
76,3,10/4/2023,10/7/2023,4,10,2023,91,TRUE,0,student,art,3
53,102,7/8/2024,7/9/2024,8,7,2024,50,TRUE,0,staff,art,1
100,8,2/4/2023,2/10/2023,4,2,2023,184,FALSE,0,student,history,6
42,107,10/21/2021,11/9/2021,21,10,2021,531,TRUE,1,staff,non-fiction,19
68,101,7/23/2021,8/2/2021,23,7,2021,258,TRUE,1,student,art,10
48,77,2/2/2022,2/10/2022,2,2,2022,220,FALSE,1,staff,fiction,8
90,74,8/13/2023,8/14/2023,13,8,2023,62,FALSE,0,faculty,art,1
8,57,6/26/2023,7/1/2023,26,6,2023,169,FALSE,0,faculty,fiction,5
85,154,7/17/2023,7/22/2023,17,7,2023,151,TRUE,0,staff,non-fiction,5
77,102,3/23/2021,4/3/2021,23,3,2021,327,FALSE,1,faculty,science,11
49,55,4/8/2021,4/18/2021,8,4,2021,256,FALSE,1,faculty,history,10
72,179,11/19/2024,11/21/2024,19,11,2024,73,TRUE,0,staff,fiction,2
34,10,12/11/2022,12/19/2022,11,12,2022,202,FALSE,1,staff,history,8
27,100,11/21/2024,12/9/2024,21,11,2024,513,FALSE,1,faculty,non-fiction,18
9,55,4/16/2022,4/24/2022,16,4,2022,244,FALSE,1,faculty,non-fiction,8
67,163,3/23/2025,4/12/2025,23,3,2025,550,FALSE,1,student,science,20
88,177,12/27/2021,1/12/2022,27,12,2021,354,FALSE,1,student,fiction,16
82,54,7/23/2023,7/29/2023,23,7,2023,212,FALSE,0,student,science,6
78,76,6/8/2021,6/22/2021,8,6,2021,433,TRUE,1,student,science,14
62,157,11/12/2023,11/25/2023,12,11,2023,411,TRUE,1,student,non-fiction,13
54,51,6/9/2022,6/26/2022,9,6,2022,529,TRUE,1,faculty,non-fiction,17
47,55,10/15/2024,10/23/2024,15,10,2024,213,FALSE,1,student,fiction,8
52,109,8/14/2022,9/2/2022,14,8,2022,417,FALSE,1,faculty,fiction,19
94,116,9/24/2020,10/13/2020,24,9,2020,397,FALSE,1,student,fiction,19
58,37,11/24/2024,12/4/2024,24,11,2024,317,TRUE,1,faculty,science,10
69,195,2/5/2022,2/24/2022,5,2,2022,466,TRUE,1,staff,history,19
39,137,7/29/2024,8/17/2024,29,7,2024,519,TRUE,1,staff,non-fiction,19
26,60,2/4/2025,2/17/2025,4,2,2025,364,TRUE,1,faculty,non-fiction,13
78,167,1/27/2025,2/5/2025,27,1,2025,224,TRUE,1,staff,fiction,9
82,192,10/2/2023,10/12/2023,2,10,2023,266,TRUE,1,staff,fiction,10
38,150,9/17/2023,9/18/2023,17,9,2023,62,TRUE,0,staff,fiction,1
45,195,5/6/2023,5/12/2023,6,5,2023,204,FALSE,0,staff,science,6
35,157,12/23/2023,1/4/2024,23,12,2023,270,TRUE,1,staff,fiction,12
12,137,10/7/2024,10/24/2024,7,10,2024,467,TRUE,1,staff,science,17
56,144,3/3/2023,3/17/2023,3,3,2023,304,TRUE,1,student,art,14
96,162,11/2/2021,11/14/2021,2,11,2021,364,FALSE,1,faculty,science,12
60,33,4/15/2021,4/22/2021,15,4,2021,216,TRUE,0,student,fiction,7
50,26,7/18/2022,8/1/2022,18,7,2022,316,FALSE,1,staff,art,14
7,193,3/28/2023,4/6/2023,28,3,2023,232,TRUE,1,staff,art,9
24,196,5/14/2023,5/20/2023,14,5,2023,146,TRUE,0,student,art,6
3,87,8/4/2024,8/13/2024,4,8,2024,193,TRUE,1,faculty,art,9
44,119,12/26/2023,12/29/2023,26,12,2023,83,TRUE,0,faculty,fiction,3
91,32,9/17/2024,9/22/2024,17,9,2024,159,FALSE,0,student,non-fiction,5
97,15,3/11/2022,3/12/2022,11,3,2022,103,FALSE,0,student,history,1
80,77,6/23/2024,7/1/2024,23,6,2024,244,TRUE,1,student,science,8
64,113,11/4/2023,11/6/2023,4,11,2023,91,TRUE,0,faculty,art,2
35,143,3/14/2020,3/17/2020,14,3,2020,106,TRUE,0,student,non-fiction,3
61,122,8/6/2023,8/22/2023,6,8,2023,487,TRUE,1,staff,science,16
40,118,3/2/2024,3/6/2024,2,3,2024,161,FALSE,0,staff,science,4
8,76,12/30/2024,1/15/2025,30,12,2024,468,FALSE,1,faculty,science,16
45,106,3/10/2020,3/16/2020,10,3,2020,206,FALSE,0,student,science,6
12,31,2/16/2023,3/7/2023,16,2,2023,515,FALSE,1,faculty,non-fiction,19
61,131,12/9/2024,12/15/2024,9,12,2024,163,TRUE,0,staff,art,6
95,20,1/15/2021,1/24/2021,15,1,2021,277,TRUE,1,faculty,science,9
58,91,12/28/2023,1/16/2024,28,12,2023,413,TRUE,1,student,fiction,19
14,94,7/4/2024,7/21/2024,4,7,2024,370,TRUE,1,staff,fiction,17
61,130,8/26/2024,9/12/2024,26,8,2024,376,TRUE,1,student,art,17
25,37,7/16/2020,8/5/2020,16,7,2020,460,TRUE,1,faculty,art,20
19,167,7/9/2021,7/16/2021,9,7,2021,236,FALSE,0,staff,science,7
14,145,11/15/2020,11/29/2020,15,11,2020,415,FALSE,1,student,science,14
23,5,6/3/2023,6/21/2023,3,6,2023,528,FALSE,1,faculty,science,18
99,139,5/18/2022,5/24/2022,18,5,2022,204,FALSE,0,student,history,6
41,173,1/4/2024,1/17/2024,4,1,2024,379,TRUE,1,staff,non-fiction,13
30,17,11/2/2021,11/21/2021,2,11,2021,519,TRUE,1,staff,non-fiction,19
30,129,5/14/2020,5/30/2020,14,5,2020,490,FALSE,1,faculty,science,16
64,50,5/10/2024,5/17/2024,10,5,2024,231,TRUE,0,student,non-fiction,7
17,134,3/2/2023,3/3/2023,2,3,2023,83,TRUE,0,staff,art,1
29,142,9/14/2021,9/25/2021,14,9,2021,299,TRUE,1,staff,history,11
65,136,1/8/2024,1/10/2024,8,1,2024,58,FALSE,0,student,fiction,2
16,172,3/24/2023,3/29/2023,24,3,2023,118,FALSE,0,faculty,fiction,5
50,158,2/16/2021,2/19/2021,16,2,2021,141,TRUE,0,faculty,history,3
25,182,4/11/2023,4/24/2023,11,4,2023,373,FALSE,1,student,history,13
67,20,12/12/2023,12/28/2023,12,12,2023,467,TRUE,1,student,science,16
33,27,2/5/2022,2/20/2022,5,2,2022,382,TRUE,1,student,history,15
65,102,6/30/2022,7/8/2022,30,6,2022,221,FALSE,1,student,art,8
31,89,10/21/2022,11/4/2022,21,10,2022,345,FALSE,1,student,history,14
73,51,8/22/2023,9/9/2023,22,8,2023,507,FALSE,1,staff,science,18
84,15,10/17/2022,10/19/2022,17,10,2022,87,FALSE,0,student,art,2
43,183,9/12/2022,9/16/2022,12,9,2022,127,TRUE,0,student,history,4
3,90,5/4/2023,5/12/2023,4,5,2023,227,FALSE,1,staff,history,8
60,105,10/24/2022,10/31/2022,24,10,2022,172,TRUE,0,student,art,7
15,66,8/11/2024,8/24/2024,11,8,2024,397,TRUE,1,staff,science,13
74,81,6/8/2020,6/21/2020,8,6,2020,319,FALSE,1,staff,art,13
99,6,10/30/2022,11/8/2022,30,10,2022,275,TRUE,1,student,non-fiction,9
20,163,1/7/2025,1/16/2025,7,1,2025,285,TRUE,1,staff,non-fiction,9
99,172,1/15/2023,1/31/2023,15,1,2023,414,FALSE,1,student,non-fiction,16
20,7,6/8/2021,6/19/2021,8,6,2021,267,FALSE,1,faculty,fiction,11
75,152,12/12/2023,12/29/2023,12,12,2023,482,FALSE,1,faculty,science,17
98,162,3/19/2025,4/4/2025,19,3,2025,331,TRUE,1,staff,art,16
55,166,6/18/2022,6/21/2022,18,6,2022,85,TRUE,0,staff,fiction,3
14,123,5/21/2020,6/2/2020,21,5,2020,344,FALSE,1,staff,non-fiction,12
48,9,5/26/2022,6/6/2022,26,5,2022,355,FALSE,1,student,science,11
5,11,12/2/2020,12/6/2020,2,12,2020,123,TRUE,0,student,non-fiction,4
41,113,9/25/2021,10/6/2021,25,9,2021,268,FALSE,1,faculty,fiction,11
13,183,3/31/2022,4/6/2022,31,3,2022,198,TRUE,0,student,science,6
27,118,7/21/2024,8/1/2024,21,7,2024,318,FALSE,1,student,non-fiction,11
17,114,3/10/2021,3/20/2021,10,3,2021,330,TRUE,1,faculty,science,10
96,107,12/1/2022,12/4/2022,1,12,2022,132,TRUE,0,student,non-fiction,3
98,166,7/15/2021,7/19/2021,15,7,2021,146,TRUE,0,faculty,fiction,4
62,53,12/23/2021,1/4/2022,23,12,2021,286,TRUE,1,student,fiction,12
75,163,9/26/2024,9/27/2024,26,9,2024,59,TRUE,0,faculty,non-fiction,1
88,31,6/7/2024,6/12/2024,7,6,2024,176,TRUE,0,faculty,science,5
61,22,1/24/2025,2/5/2025,24,1,2025,369,FALSE,1,staff,science,12
16,141,10/20/2023,11/1/2023,20,10,2023,277,TRUE,1,faculty,art,12
2,141,9/23/2020,10/2/2020,23,9,2020,195,TRUE,1,student,art,9
70,110,5/26/2023,6/5/2023,26,5,2023,249,TRUE,1,student,fiction,10
32,152,7/2/2021,7/11/2021,2,7,2021,278,FALSE,1,staff,non-fiction,9
67,134,2/14/2021,3/5/2021,14,2,2021,595,TRUE,1,faculty,science,19
49,180,7/18/2022,8/4/2022,18,7,2022,406,FALSE,1,staff,art,17
77,58,8/27/2024,9/14/2024,27,8,2024,508,FALSE,1,student,science,18
81,100,9/7/2024,9/15/2024,7,9,2024,200,FALSE,1,faculty,fiction,8
8,58,1/1/2025,1/2/2025,1,1,2025,50,FALSE,0,student,history,1
18,76,8/9/2022,8/21/2022,9,8,2022,339,TRUE,1,staff,non-fiction,12
90,186,10/20/2021,10/28/2021,20,10,2021,265,TRUE,1,faculty,science,8
95,119,6/12/2024,6/17/2024,12,6,2024,179,TRUE,0,student,history,5
36,157,9/29/2022,10/5/2022,29,9,2022,185,TRUE,0,staff,non-fiction,6
40,51,6/1/2022,6/4/2022,1,6,2022,84,FALSE,0,faculty,art,3
76,80,3/10/2025,3/26/2025,10,3,2025,412,FALSE,1,faculty,non-fiction,16
24,199,7/6/2023,7/7/2023,6,7,2023,68,FALSE,0,student,non-fiction,1
20,157,5/13/2024,5/30/2024,13,5,2024,353,FALSE,1,faculty,art,17
24,42,4/28/2022,5/10/2022,28,4,2022,355,TRUE,1,staff,science,12
11,159,10/10/2022,10/18/2022,10,10,2022,211,FALSE,1,student,history,8
32,10,10/25/2023,10/29/2023,25,10,2023,152,TRUE,0,staff,science,4
74,7,5/17/2021,5/22/2021,17,5,2021,126,FALSE,0,faculty,history,5
91,26,4/21/2022,5/5/2022,21,4,2022,304,FALSE,1,faculty,fiction,14
6,178,5/25/2024,6/14/2024,25,5,2024,542,TRUE,1,staff,history,20
14,180,1/8/2022,1/20/2022,8,1,2022,296,FALSE,1,student,history,12
39,32,10/7/2021,10/9/2021,7,10,2021,81,FALSE,0,staff,science,2
75,86,12/4/2021,12/22/2021,4,12,2021,491,TRUE,1,faculty,history,18
6,66,1/2/2021,1/3/2021,2,1,2021,108,TRUE,0,faculty,art,1
41,128,6/10/2021,6/24/2021,10,6,2021,397,TRUE,1,faculty,science,14
11,92,5/7/2023,5/22/2023,7,5,2023,382,TRUE,1,faculty,history,15
29,61,1/21/2021,1/30/2021,21,1,2021,280,TRUE,1,staff,non-fiction,9
81,14,8/25/2022,9/6/2022,25,8,2022,350,TRUE,1,student,history,12
54,18,3/2/2025,3/10/2025,2,3,2025,177,FALSE,1,student,art,8
27,78,9/3/2020,9/21/2020,3,9,2020,453,FALSE,1,faculty,history,18
1,9,5/27/2020,6/16/2020,27,5,2020,566,FALSE,1,student,non-fiction,20
22,98,7/17/2024,7/22/2024,17,7,2024,188,TRUE,0,student,science,5
41,169,6/3/2020,6/19/2020,3,6,2020,405,FALSE,1,faculty,history,16
63,35,10/13/2021,10/18/2021,13,10,2021,140,TRUE,0,staff,fiction,5
56,26,4/17/2021,4/21/2021,17,4,2021,90,TRUE,0,student,art,4
77,178,10/24/2023,11/11/2023,24,10,2023,388,TRUE,1,student,art,18
43,10,5/18/2021,6/5/2021,18,5,2021,388,TRUE,1,faculty,art,18
39,56,3/12/2023,3/18/2023,12,3,2023,159,TRUE,0,staff,art,6
54,2,11/15/2020,11/16/2020,15,11,2020,50,TRUE,0,staff,fiction,1
41,109,8/24/2022,9/1/2022,24,8,2022,203,TRUE,1,staff,art,8
38,40,9/3/2024,9/14/2024,3,9,2024,272,FALSE,1,staff,art,11
100,134,8/22/2021,9/7/2021,22,8,2021,414,FALSE,1,staff,history,16
51,49,1/28/2020,2/8/2020,28,1,2020,345,FALSE,1,student,science,11
55,9,6/27/2021,7/14/2021,27,6,2021,394,TRUE,1,staff,fiction,17
97,35,12/23/2020,1/8/2021,23,12,2020,372,FALSE,1,staff,fiction,16
60,72,12/14/2022,1/1/2023,14,12,2022,379,FALSE,1,faculty,art,18
16,39,10/30/2022,11/5/2022,30,10,2022,203,TRUE,0,student,non-fiction,6
80,76,7/24/2020,7/25/2020,24,7,2020,63,TRUE,0,staff,history,1
17,60,11/24/2020,11/26/2020,24,11,2020,134,FALSE,0,staff,non-fiction,2
22,67,10/27/2024,11/10/2024,27,10,2024,429,TRUE,1,student,non-fiction,14
65,96,3/24/2025,4/5/2025,24,3,2025,326,FALSE,1,student,history,12
18,83,12/31/2020,1/12/2021,31,12,2020,275,TRUE,1,staff,fiction,12
75,80,8/6/2022,8/11/2022,6,8,2022,160,TRUE,0,staff,science,5
14,91,9/18/2021,9/26/2021,18,9,2021,248,TRUE,1,staff,history,8
81,73,11/11/2021,12/1/2021,11,11,2021,509,FALSE,1,faculty,history,20
97,93,6/28/2020,7/14/2020,28,6,2020,381,TRUE,1,student,fiction,16
90,146,12/10/2022,12/29/2022,10,12,2022,404,FALSE,1,staff,fiction,19
47,104,11/29/2022,12/14/2022,29,11,2022,442,TRUE,1,student,non-fiction,15
65,136,2/24/2024,3/1/2024,24,2,2024,206,TRUE,0,faculty,non-fiction,6
36,92,6/20/2020,7/2/2020,20,6,2020,254,FALSE,1,staff,art,12
46,49,1/29/2025,2/10/2025,29,1,2025,265,TRUE,1,staff,art,12
70,191,11/30/2023,12/4/2023,30,11,2023,126,FALSE,0,student,fiction,4
39,75,10/14/2020,10/22/2020,14,10,2020,195,FALSE,1,student,art,8
73,88,1/29/2020,2/6/2020,29,1,2020,222,FALSE,1,student,history,8
22,194,7/5/2020,7/21/2020,5,7,2020,449,TRUE,1,student,non-fiction,16
2,179,11/17/2022,12/2/2022,17,11,2022,347,FALSE,1,faculty,fiction,15
6,44,11/27/2022,11/28/2022,27,11,2022,74,FALSE,0,staff,non-fiction,1
79,177,11/28/2024,12/3/2024,28,11,2024,169,FALSE,0,staff,fiction,5
81,144,1/19/2021,2/6/2021,19,1,2021,412,TRUE,1,faculty,history,18
6,166,10/20/2022,10/21/2022,20,10,2022,52,TRUE,0,student,art,1
45,74,1/8/2025,1/13/2025,8,1,2025,138,FALSE,0,staff,art,5
26,55,12/4/2020,12/5/2020,4,12,2020,70,TRUE,0,faculty,history,1
60,162,10/15/2023,10/31/2023,15,10,2023,346,FALSE,1,student,art,16
50,91,7/29/2023,8/2/2023,29,7,2023,103,FALSE,0,staff,history,4
20,10,3/30/2020,4/1/2020,30,3,2020,94,TRUE,0,student,history,2
71,81,7/15/2022,7/17/2022,15,7,2022,128,TRUE,0,student,non-fiction,2
87,114,4/16/2024,5/4/2024,16,4,2024,496,TRUE,1,staff,science,18
52,106,4/22/2023,5/2/2023,22,4,2023,289,TRUE,1,student,history,10
22,16,11/13/2020,12/1/2020,13,11,2020,386,FALSE,1,student,art,18
42,40,3/17/2020,4/3/2020,17,3,2020,371,FALSE,1,student,art,17
71,63,5/6/2022,5/16/2022,6,5,2022,293,TRUE,1,faculty,science,10
62,165,3/19/2024,4/5/2024,19,3,2024,491,TRUE,1,staff,science,17
81,167,8/5/2021,8/11/2021,5,8,2021,204,TRUE,0,student,history,6
53,117,8/12/2021,8/22/2021,12,8,2021,244,FALSE,1,faculty,art,10
92,8,12/10/2020,12/29/2020,10,12,2020,512,FALSE,1,student,history,19
1,4,9/17/2024,9/22/2024,17,9,2024,164,FALSE,0,faculty,fiction,5
26,128,8/18/2022,8/27/2022,18,8,2022,258,TRUE,1,staff,history,9
72,133,7/11/2021,7/20/2021,11,7,2021,305,FALSE,1,staff,non-fiction,9
25,183,8/4/2022,8/24/2022,4,8,2022,560,FALSE,1,student,non-fiction,20
50,155,7/24/2023,7/30/2023,24,7,2023,170,TRUE,0,staff,art,6
84,94,8/8/2024,8/27/2024,8,8,2024,430,FALSE,1,staff,fiction,19
43,127,6/23/2022,6/25/2022,23,6,2022,89,TRUE,0,student,history,2
87,80,2/29/2020,3/9/2020,29,2,2020,202,TRUE,1,staff,art,9
11,15,6/15/2023,6/23/2023,15,6,2023,212,FALSE,1,staff,art,8
82,23,8/20/2023,9/6/2023,20,8,2023,351,TRUE,1,staff,art,17
44,101,3/15/2025,3/18/2025,15,3,2025,141,FALSE,0,faculty,science,3
56,42,4/13/2025,4/22/2025,13,4,2025,246,FALSE,1,staff,history,9
45,60,7/18/2023,8/1/2023,18,7,2023,352,FALSE,1,faculty,fiction,14
75,97,11/9/2023,11/23/2023,9,11,2023,431,FALSE,1,faculty,science,14
30,171,7/20/2023,7/30/2023,20,7,2023,267,FALSE,1,staff,art,10
67,110,11/1/2024,11/12/2024,1,11,2024,337,TRUE,1,student,non-fiction,11
22,86,11/6/2023,11/10/2023,6,11,2023,125,TRUE,0,student,science,4
29,75,6/10/2023,6/19/2023,10,6,2023,249,TRUE,1,faculty,history,9
48,71,1/28/2024,2/17/2024,28,1,2024,555,FALSE,1,faculty,science,20
19,133,2/23/2023,3/12/2023,23,2,2023,363,TRUE,1,student,art,17
40,158,8/21/2023,8/27/2023,21,8,2023,208,TRUE,0,faculty,history,6
14,22,9/2/2022,9/17/2022,2,9,2022,344,FALSE,1,student,art,15
7,156,10/9/2020,10/18/2020,9,10,2020,202,FALSE,1,faculty,art,9
36,192,10/11/2021,10/17/2021,11,10,2021,137,TRUE,0,staff,art,6
13,79,6/30/2022,7/11/2022,30,6,2022,325,FALSE,1,staff,non-fiction,11
16,171,2/11/2025,2/20/2025,11,2,2025,192,FALSE,1,student,art,9
63,11,8/30/2023,9/13/2023,30,8,2023,406,FALSE,1,faculty,science,14
72,134,2/20/2023,2/24/2023,20,2,2023,153,FALSE,0,faculty,non-fiction,4
69,38,5/29/2020,6/11/2020,29,5,2020,330,TRUE,1,faculty,fiction,13
37,169,4/11/2023,4/30/2023,11,4,2023,423,FALSE,1,faculty,art,19
4,108,1/3/2022,1/20/2022,3,1,2022,352,TRUE,1,faculty,fiction,17
57,107,1/16/2021,1/21/2021,16,1,2021,185,TRUE,0,student,science,5
51,51,11/29/2022,12/3/2022,29,11,2022,148,TRUE,0,student,non-fiction,4
36,118,3/10/2024,3/28/2024,10,3,2024,531,FALSE,1,faculty,science,18
71,96,6/30/2022,7/18/2022,30,6,2022,552,TRUE,1,faculty,science,18
95,81,7/21/2021,8/7/2021,21,7,2021,460,FALSE,1,student,science,17
96,73,1/4/2025,1/9/2025,4,1,2025,169,FALSE,0,staff,science,5
16,129,11/8/2021,11/15/2021,8,11,2021,214,FALSE,0,student,history,7
69,66,2/13/2023,2/24/2023,13,2,2023,268,TRUE,1,staff,history,11
83,197,12/21/2020,12/25/2020,21,12,2020,148,TRUE,0,staff,fiction,4
84,39,11/30/2022,12/9/2022,30,11,2022,257,FALSE,1,staff,history,9
61,146,9/26/2022,10/11/2022,26,9,2022,459,TRUE,1,student,science,15
20,34,5/17/2021,6/6/2021,17,5,2021,566,TRUE,1,staff,science,20
34,138,7/5/2020,7/24/2020,5,7,2020,427,TRUE,1,faculty,art,19
55,30,12/15/2021,12/18/2021,15,12,2021,146,FALSE,0,faculty,science,3
58,101,2/27/2024,3/3/2024,27,2,2024,147,TRUE,0,staff,fiction,5
12,53,6/29/2020,7/5/2020,29,6,2020,159,TRUE,0,student,art,6
71,14,5/11/2021,5/30/2021,11,5,2021,554,TRUE,1,faculty,science,19
66,50,5/22/2023,5/25/2023,22,5,2023,106,TRUE,0,staff,non-fiction,3
24,81,2/2/2025,2/15/2025,2,2,2025,389,TRUE,1,faculty,science,13
7,39,10/10/2020,10/14/2020,10,10,2020,112,FALSE,0,student,art,4
74,79,4/8/2024,4/28/2024,8,4,2024,559,TRUE,1,staff,non-fiction,20
93,33,7/17/2022,7/26/2022,17,7,2022,268,TRUE,1,staff,history,9
81,180,2/14/2021,3/1/2021,14,2,2021,314,TRUE,1,faculty,art,15
74,84,4/21/2024,5/11/2024,21,4,2024,430,FALSE,1,staff,art,20
54,76,8/5/2022,8/11/2022,5,8,2022,190,FALSE,0,student,fiction,6
72,188,12/17/2021,12/29/2021,17,12,2021,351,FALSE,1,faculty,science,12
40,177,7/11/2022,7/29/2022,11,7,2022,508,FALSE,1,faculty,science,18
24,44,3/30/2025,4/1/2025,30,3,2025,100,FALSE,0,staff,non-fiction,2
48,122,12/10/2024,12/24/2024,10,12,2024,433,FALSE,1,staff,science,14
28,113,11/5/2022,11/13/2022,5,11,2022,195,TRUE,1,staff,art,8
100,76,11/5/2022,11/24/2022,5,11,2022,459,FALSE,1,student,fiction,19
97,106,2/14/2023,2/17/2023,14,2,2023,143,TRUE,0,faculty,science,3
10,172,9/29/2021,10/1/2021,29,9,2021,91,FALSE,0,faculty,art,2
23,198,1/4/2025,1/9/2025,4,1,2025,152,FALSE,0,student,fiction,5
37,11,12/18/2022,12/23/2022,18,12,2022,177,FALSE,0,staff,art,5
95,21,4/16/2024,4/17/2024,16,4,2024,68,FALSE,0,student,non-fiction,1
39,164,12/15/2024,12/24/2024,15,12,2024,250,FALSE,1,student,science,9
62,120,5/9/2020,5/17/2020,9,5,2020,234,FALSE,1,student,fiction,8
27,194,11/3/2024,11/6/2024,3,11,2024,92,TRUE,0,faculty,fiction,3
71,48,11/11/2022,11/25/2022,11,11,2022,333,TRUE,1,staff,fiction,14
94,14,1/18/2021,1/22/2021,18,1,2021,158,FALSE,0,student,history,4
88,14,1/2/2021,1/5/2021,2,1,2021,98,FALSE,0,faculty,science,3
94,30,4/6/2025,4/11/2025,6,4,2025,157,TRUE,0,student,science,5
66,115,10/10/2021,10/25/2021,10,10,2021,397,TRUE,1,student,non-fiction,15
79,90,7/25/2022,8/13/2022,25,7,2022,398,TRUE,1,faculty,art,19
41,53,6/24/2021,7/12/2021,24,6,2021,422,TRUE,1,staff,fiction,18
68,133,1/9/2021,1/22/2021,9,1,2021,352,TRUE,1,student,history,13
22,3,9/21/2024,10/10/2024,21,9,2024,486,TRUE,1,faculty,history,19
57,52,1/23/2022,1/28/2022,23,1,2022,155,FALSE,0,staff,science,5
24,64,3/17/2022,4/2/2022,17,3,2022,311,TRUE,1,student,art,16
4,66,8/18/2020,9/1/2020,18,8,2020,401,FALSE,1,staff,non-fiction,14
10,83,11/9/2020,11/12/2020,9,11,2020,113,TRUE,0,faculty,non-fiction,3
16,117,4/28/2023,5/18/2023,28,4,2023,560,TRUE,1,staff,non-fiction,20
89,94,6/17/2022,6/18/2022,17,6,2022,78,TRUE,0,student,history,1
47,142,7/8/2024,7/23/2024,8,7,2024,391,TRUE,1,student,history,15
55,161,3/13/2021,3/26/2021,13,3,2021,307,TRUE,1,staff,art,13
21,22,10/18/2022,10/22/2022,18,10,2022,119,FALSE,0,student,art,4
80,175,1/13/2023,2/2/2023,13,1,2023,514,TRUE,1,faculty,history,20
43,61,11/8/2023,11/17/2023,8,11,2023,202,FALSE,1,staff,art,9
10,124,4/20/2020,5/8/2020,20,4,2020,455,TRUE,1,staff,history,18
36,99,6/30/2020,7/1/2020,30,6,2020,69,TRUE,0,staff,history,1
39,187,4/2/2025,4/7/2025,2,4,2025,172,TRUE,0,staff,history,5
43,196,9/19/2021,9/24/2021,19,9,2021,128,FALSE,0,staff,art,5
57,168,7/18/2023,7/31/2023,18,7,2023,352,FALSE,1,faculty,history,13
67,164,1/10/2021,1/26/2021,10,1,2021,446,TRUE,1,staff,non-fiction,16
76,34,8/28/2023,9/4/2023,28,8,2023,221,FALSE,0,staff,non-fiction,7
91,21,8/27/2021,8/31/2021,27,8,2021,130,FALSE,0,faculty,art,4
33,37,6/3/2023,6/12/2023,3,6,2023,178,TRUE,1,student,art,9
30,195,7/28/2020,8/8/2020,28,7,2020,315,FALSE,1,student,science,11
18,186,10/24/2020,10/28/2020,24,10,2020,89,FALSE,0,student,art,4
98,140,2/8/2020,2/23/2020,8,2,2020,309,TRUE,1,faculty,fiction,15
9,104,9/22/2024,10/7/2024,22,9,2024,321,FALSE,1,faculty,art,15
86,70,11/29/2020,12/12/2020,29,11,2020,356,FALSE,1,faculty,history,13
27,96,3/27/2022,4/5/2022,27,3,2022,269,FALSE,1,staff,non-fiction,9
22,93,8/3/2024,8/18/2024,3,8,2024,429,TRUE,1,staff,non-fiction,15
59,126,6/1/2020,6/6/2020,1,6,2020,192,TRUE,0,student,non-fiction,5
69,148,8/7/2021,8/12/2021,7,8,2021,204,FALSE,0,staff,science,5
47,86,3/19/2023,4/3/2023,19,3,2023,387,FALSE,1,student,history,15
41,71,1/23/2025,1/25/2025,23,1,2025,104,FALSE,0,student,fiction,2
80,106,3/1/2025,3/15/2025,1,3,2025,402,TRUE,1,staff,non-fiction,14
54,192,3/19/2025,3/29/2025,19,3,2025,284,FALSE,1,staff,non-fiction,10
47,21,10/15/2022,11/2/2022,15,10,2022,447,TRUE,1,faculty,history,18
53,32,9/3/2022,9/6/2022,3,9,2022,85,FALSE,0,staff,history,3
98,11,12/9/2024,12/27/2024,9,12,2024,376,TRUE,1,staff,art,18
90,150,10/27/2021,11/16/2021,27,10,2021,498,FALSE,1,student,history,20
37,146,4/5/2020,4/6/2020,5,4,2020,89,FALSE,0,staff,science,1
92,162,10/21/2021,11/8/2021,21,10,2021,532,TRUE,1,staff,non-fiction,18
84,161,5/29/2021,6/17/2021,29,5,2021,502,FALSE,1,staff,non-fiction,19
74,47,8/9/2023,8/16/2023,9,8,2023,240,TRUE,0,faculty,science,7
82,40,6/6/2021,6/24/2021,6,6,2021,374,FALSE,1,student,art,18
17,149,8/30/2023,9/7/2023,30,8,2023,203,FALSE,1,staff,art,8
44,110,4/7/2020,4/20/2020,7,4,2020,307,TRUE,1,staff,fiction,13
8,42,2/8/2024,2/12/2024,8,2,2024,114,TRUE,0,faculty,non-fiction,4
68,160,5/17/2021,5/19/2021,17,5,2021,105,TRUE,0,staff,history,2
20,155,6/21/2023,7/4/2023,21,6,2023,283,TRUE,1,student,art,13
11,190,8/18/2023,9/4/2023,18,8,2023,466,FALSE,1,faculty,non-fiction,17
7,191,7/11/2023,7/12/2023,11,7,2023,50,FALSE,0,faculty,fiction,1
58,198,11/16/2020,11/28/2020,16,11,2020,338,FALSE,1,student,non-fiction,12
100,57,5/12/2020,5/29/2020,12,5,2020,401,TRUE,1,faculty,fiction,17
72,133,3/14/2020,3/18/2020,14,3,2020,131,FALSE,0,staff,history,4
13,64,1/12/2020,1/18/2020,12,1,2020,169,TRUE,0,staff,fiction,6
3,91,3/2/2021,3/14/2021,2,3,2021,326,TRUE,1,staff,history,12
80,34,10/25/2023,11/5/2023,25,10,2023,362,TRUE,1,faculty,science,11
86,90,2/8/2024,2/15/2024,8,2,2024,217,FALSE,0,staff,non-fiction,7
30,195,3/9/2024,3/11/2024,9,3,2024,50,FALSE,0,student,art,2
47,6,8/27/2020,9/1/2020,27,8,2020,199,TRUE,0,staff,science,5
89,96,8/19/2020,8/22/2020,19,8,2020,89,TRUE,0,student,art,3
91,152,1/28/2022,1/29/2022,28,1,2022,91,FALSE,0,faculty,non-fiction,1
64,170,10/30/2020,11/4/2020,30,10,2020,187,FALSE,0,staff,science,5
89,26,3/2/2023,3/14/2023,2,3,2023,362,TRUE,1,faculty,science,12
41,146,11/18/2023,11/22/2023,18,11,2023,160,TRUE,0,staff,science,4
13,34,6/25/2022,7/12/2022,25,6,2022,532,TRUE,1,student,science,17
12,119,7/25/2023,8/3/2023,25,7,2023,252,FALSE,1,student,art,9
15,181,2/2/2021,2/20/2021,2,2,2021,524,FALSE,1,student,science,18
45,2,6/23/2021,7/4/2021,23,6,2021,341,TRUE,1,staff,science,11
59,84,1/9/2020,1/10/2020,9,1,2020,94,TRUE,0,student,science,1
75,132,6/2/2024,6/13/2024,2,6,2024,309,FALSE,1,student,non-fiction,11
52,162,7/28/2021,8/3/2021,28,7,2021,204,TRUE,0,faculty,non-fiction,6
68,102,8/4/2021,8/11/2021,4,8,2021,203,TRUE,0,staff,history,7
20,157,8/10/2022,8/23/2022,10,8,2022,397,FALSE,1,faculty,science,13
87,84,10/10/2020,10/11/2020,10,10,2020,50,TRUE,0,faculty,history,1
69,61,12/25/2021,12/30/2021,25,12,2021,129,FALSE,0,student,history,5
100,42,1/27/2020,1/28/2020,27,1,2020,50,TRUE,0,student,science,1
56,39,2/1/2023,2/12/2023,1,2,2023,304,TRUE,1,faculty,non-fiction,11
42,198,10/3/2024,10/17/2024,3,10,2024,322,TRUE,1,student,fiction,14
1,8,7/14/2021,7/31/2021,14,7,2021,367,TRUE,1,student,art,17
7,60,9/14/2023,10/4/2023,14,9,2023,587,TRUE,1,faculty,non-fiction,20
58,81,6/7/2020,6/19/2020,7,6,2020,385,TRUE,1,faculty,science,12
2,37,6/28/2022,6/29/2022,28,6,2022,50,TRUE,0,faculty,history,1
20,44,11/26/2020,12/16/2020,26,11,2020,438,FALSE,1,student,art,20
72,177,4/3/2023,4/22/2023,3,4,2023,519,FALSE,1,staff,non-fiction,19
72,115,12/30/2021,1/17/2022,30,12,2021,453,FALSE,1,student,history,18
53,62,1/25/2022,2/7/2022,25,1,2022,346,TRUE,1,student,history,13
74,32,1/28/2023,2/5/2023,28,1,2023,260,FALSE,1,staff,non-fiction,8
55,181,6/18/2022,6/27/2022,18,6,2022,220,TRUE,1,staff,fiction,9
29,200,10/17/2023,10/20/2023,17,10,2023,130,FALSE,0,staff,history,3
50,18,7/15/2021,7/17/2021,15,7,2021,55,TRUE,0,faculty,art,2
11,170,9/1/2022,9/18/2022,1,9,2022,476,FALSE,1,student,non-fiction,17
69,72,4/9/2021,4/13/2021,9,4,2021,200,FALSE,0,staff,science,4
84,15,7/24/2022,8/7/2022,24,7,2022,317,FALSE,1,student,art,14
98,71,9/12/2024,9/23/2024,12,9,2024,280,TRUE,1,student,art,11
75,57,7/27/2023,8/15/2023,27,7,2023,551,TRUE,1,faculty,science,19
63,166,8/23/2021,9/7/2021,23,8,2021,436,FALSE,1,student,non-fiction,15
19,166,11/7/2024,11/25/2024,7,11,2024,457,TRUE,1,student,history,18
20,95,7/12/2022,7/27/2022,12,7,2022,422,TRUE,1,faculty,non-fiction,15
37,76,10/16/2022,10/28/2022,16,10,2022,260,FALSE,1,faculty,art,12
64,120,9/5/2023,9/18/2023,5,9,2023,317,FALSE,1,staff,fiction,13
88,120,7/17/2021,7/27/2021,17,7,2021,258,FALSE,1,staff,history,10
23,100,3/28/2020,3/29/2020,28,3,2020,71,FALSE,0,staff,fiction,1
68,141,6/16/2023,6/20/2023,16,6,2023,167,TRUE,0,faculty,non-fiction,4
42,48,4/18/2022,5/3/2022,18,4,2022,358,FALSE,1,student,fiction,15
73,100,6/5/2024,6/24/2024,5,6,2024,544,FALSE,1,staff,science,19
83,147,8/20/2023,8/30/2023,20,8,2023,242,FALSE,1,faculty,art,10
49,102,3/28/2022,3/31/2022,28,3,2022,95,FALSE,0,faculty,fiction,3
1,70,6/16/2021,6/22/2021,16,6,2021,215,TRUE,0,staff,non-fiction,6
61,184,5/20/2021,5/27/2021,20,5,2021,151,FALSE,0,staff,fiction,7
8,57,3/18/2021,3/28/2021,18,3,2021,241,FALSE,1,student,fiction,10
97,99,6/19/2020,6/23/2020,19,6,2020,79,TRUE,0,staff,art,4
12,83,3/17/2023,3/28/2023,17,3,2023,227,TRUE,1,student,art,11
81,25,8/15/2022,8/30/2022,15,8,2022,469,FALSE,1,student,science,15
18,22,11/11/2020,11/24/2020,11,11,2020,407,TRUE,1,staff,science,13
48,131,11/1/2022,11/6/2022,1,11,2022,160,FALSE,0,faculty,non-fiction,5
92,191,2/21/2020,2/27/2020,21,2,2020,154,FALSE,0,staff,history,6
12,8,9/24/2020,10/10/2020,24,9,2020,397,TRUE,1,student,non-fiction,16
75,165,3/6/2020,3/15/2020,6,3,2020,204,FALSE,1,student,art,9
98,162,3/2/2022,3/10/2022,2,3,2022,303,FALSE,1,student,science,8
1,30,9/24/2020,10/12/2020,24,9,2020,400,TRUE,1,faculty,art,18
96,3,1/29/2023,2/18/2023,29,1,2023,446,TRUE,1,staff,fiction,20
17,182,2/3/2020,2/4/2020,3,2,2020,83,TRUE,0,staff,science,1
2,135,9/6/2024,9/17/2024,6,9,2024,296,TRUE,1,faculty,non-fiction,11
86,170,9/8/2024,9/13/2024,8,9,2024,152,TRUE,0,student,history,5
3,43,1/19/2023,2/3/2023,19,1,2023,390,FALSE,1,faculty,history,15
1,21,1/5/2023,1/18/2023,5,1,2023,390,TRUE,1,faculty,science,13
74,75,11/21/2024,11/30/2024,21,11,2024,228,TRUE,1,student,art,9
77,124,11/30/2021,12/6/2021,30,11,2021,170,TRUE,0,student,fiction,6
28,58,12/28/2024,1/11/2025,28,12,2024,325,FALSE,1,staff,art,14
59,99,4/25/2024,5/7/2024,25,4,2024,276,TRUE,1,staff,fiction,12
18,95,8/29/2024,9/2/2024,29,8,2024,170,FALSE,0,faculty,science,4
23,136,6/17/2020,6/27/2020,17,6,2020,276,FALSE,1,staff,fiction,10
1,105,3/30/2024,4/19/2024,30,3,2024,439,FALSE,1,faculty,fiction,20
14,195,1/21/2022,2/6/2022,21,1,2022,435,FALSE,1,staff,non-fiction,16
47,169,4/23/2022,4/30/2022,23,4,2022,199,TRUE,0,staff,art,7
27,2,4/12/2023,4/14/2023,12,4,2023,72,FALSE,0,student,art,2
70,41,7/4/2020,7/11/2020,4,7,2020,248,TRUE,0,faculty,non-fiction,7
76,9,10/11/2020,10/13/2020,11,10,2020,89,TRUE,0,student,non-fiction,2
61,170,1/17/2024,1/25/2024,17,1,2024,221,FALSE,1,student,art,8
57,197,3/3/2021,3/12/2021,3,3,2021,228,FALSE,1,student,fiction,9
61,81,3/23/2023,4/5/2023,23,3,2023,380,FALSE,1,staff,non-fiction,13
95,92,2/6/2025,2/25/2025,6,2,2025,555,FALSE,1,student,non-fiction,19
28,68,7/14/2020,8/1/2020,14,7,2020,495,FALSE,1,student,non-fiction,18
30,154,4/30/2024,5/6/2024,30,4,2024,146,FALSE,0,faculty,fiction,6
11,8,8/11/2020,8/15/2020,11,8,2020,146,FALSE,0,student,science,4
67,17,5/5/2022,5/16/2022,5,5,2022,276,TRUE,1,staff,fiction,11
51,48,3/8/2025,3/19/2025,8,3,2025,268,FALSE,1,student,history,11
1,104,9/27/2021,9/29/2021,27,9,2021,108,TRUE,0,staff,non-fiction,2
38,126,7/9/2020,7/14/2020,9,7,2020,163,FALSE,0,student,non-fiction,5
69,97,6/30/2023,7/13/2023,30,6,2023,363,FALSE,1,faculty,history,13
86,102,8/27/2024,9/10/2024,27,8,2024,322,TRUE,1,student,history,14
39,199,8/8/2022,8/10/2022,8,8,2022,87,FALSE,0,staff,science,2
17,1,3/4/2020,3/22/2020,4,3,2020,427,TRUE,1,faculty,history,18
43,139,9/26/2022,9/30/2022,26,9,2022,100,FALSE,0,student,art,4
29,177,6/15/2022,6/26/2022,15,6,2022,258,FALSE,1,student,art,11
7,87,3/29/2020,4/12/2020,29,3,2020,327,TRUE,1,staff,fiction,14
67,5,5/24/2022,6/3/2022,24,5,2022,294,TRUE,1,student,non-fiction,10
57,104,1/4/2022,1/5/2022,4,1,2022,62,TRUE,0,faculty,history,1
70,111,5/19/2023,5/22/2023,19,5,2023,115,FALSE,0,student,history,3
74,10,8/30/2024,9/17/2024,30,8,2024,440,FALSE,1,staff,history,18
17,51,5/14/2021,5/21/2021,14,5,2021,216,TRUE,0,student,history,7
47,68,8/16/2023,8/29/2023,16,8,2023,354,TRUE,1,student,history,13
25,117,7/21/2023,8/5/2023,21,7,2023,358,TRUE,1,staff,fiction,15
96,24,8/17/2020,8/24/2020,17,8,2020,243,FALSE,0,student,science,7
97,182,12/10/2020,12/23/2020,10,12,2020,397,FALSE,1,faculty,science,13
88,113,6/28/2021,6/29/2021,28,6,2021,111,FALSE,0,faculty,science,1
81,171,12/6/2024,12/8/2024,6,12,2024,95,TRUE,0,faculty,non-fiction,2
65,161,11/29/2022,12/3/2022,29,11,2022,148,FALSE,0,staff,science,4
7,4,4/8/2024,4/11/2024,8,4,2024,87,TRUE,0,student,fiction,3
97,103,11/22/2024,12/3/2024,22,11,2024,249,TRUE,1,staff,fiction,11
52,99,12/18/2024,12/27/2024,18,12,2024,192,FALSE,1,staff,art,9
27,9,4/7/2024,4/24/2024,7,4,2024,357,TRUE,1,faculty,art,17
78,169,4/22/2023,4/25/2023,22,4,2023,110,FALSE,0,student,history,3
10,157,2/28/2021,3/16/2021,28,2,2021,359,FALSE,1,faculty,art,16
88,88,6/17/2024,6/19/2024,17,6,2024,98,TRUE,0,faculty,non-fiction,2
51,177,7/23/2022,8/11/2022,23,7,2022,398,FALSE,1,student,art,19
37,194,5/8/2020,5/27/2020,8,5,2020,566,FALSE,1,student,science,19
2,119,6/27/2020,7/8/2020,27,6,2020,281,FALSE,1,faculty,fiction,11
34,153,6/2/2022,6/13/2022,2,6,2022,321,TRUE,1,student,non-fiction,11
79,21,8/24/2020,8/25/2020,24,8,2020,60,FALSE,0,staff,non-fiction,1
71,27,1/15/2021,2/4/2021,15,1,2021,466,TRUE,1,staff,fiction,20
72,169,7/20/2024,7/30/2024,20,7,2024,250,TRUE,1,faculty,fiction,10
10,176,11/11/2024,11/15/2024,11,11,2024,121,TRUE,0,student,non-fiction,4
77,154,3/21/2021,4/1/2021,21,3,2021,337,FALSE,1,faculty,science,11
35,23,1/19/2025,1/29/2025,19,1,2025,304,FALSE,1,faculty,non-fiction,10
44,73,3/17/2025,3/21/2025,17,3,2025,137,TRUE,0,staff,science,4
23,141,10/20/2021,11/5/2021,20,10,2021,376,FALSE,1,faculty,fiction,16
6,61,11/27/2023,12/17/2023,27,11,2023,550,FALSE,1,staff,science,20
95,146,5/14/2023,6/2/2023,14,5,2023,574,FALSE,1,student,science,19
91,198,2/1/2020,2/19/2020,1,2,2020,546,FALSE,1,student,science,18
86,97,1/25/2022,2/1/2022,25,1,2022,228,FALSE,0,faculty,science,7
19,153,6/5/2024,6/11/2024,5,6,2024,213,FALSE,0,staff,science,6
28,112,7/15/2022,7/19/2022,15,7,2022,104,FALSE,0,faculty,non-fiction,4
63,11,4/13/2023,4/17/2023,13,4,2023,126,FALSE,0,student,non-fiction,4
43,43,3/4/2023,3/7/2023,4,3,2023,90,FALSE,0,staff,art,3
61,82,2/28/2021,3/15/2021,28,2,2021,332,FALSE,1,student,fiction,15
43,198,3/26/2023,4/12/2023,26,3,2023,406,FALSE,1,student,fiction,17
98,159,12/3/2024,12/18/2024,3,12,2024,461,FALSE,1,faculty,non-fiction,15
78,157,2/29/2024,3/11/2024,29,2,2024,247,FALSE,1,student,fiction,11
12,85,9/25/2024,10/12/2024,25,9,2024,461,TRUE,1,faculty,non-fiction,17
58,76,12/15/2022,1/4/2023,15,12,2022,508,TRUE,1,student,history,20
4,175,9/23/2021,9/26/2021,23,9,2021,156,FALSE,0,staff,science,3
43,48,12/5/2022,12/12/2022,5,12,2022,162,FALSE,0,student,fiction,7
82,160,6/13/2024,6/23/2024,13,6,2024,251,TRUE,1,student,fiction,10
16,190,11/9/2023,11/13/2023,9,11,2023,186,FALSE,0,staff,science,4
58,32,7/1/2022,7/5/2022,1,7,2022,105,TRUE,0,faculty,history,4
88,145,7/24/2023,7/30/2023,24,7,2023,140,FALSE,0,staff,fiction,6
14,108,11/4/2023,11/14/2023,4,11,2023,304,TRUE,1,faculty,science,10
75,27,11/18/2023,12/8/2023,18,11,2023,567,FALSE,1,staff,science,20
31,12,7/5/2022,7/17/2022,5,7,2022,364,FALSE,1,faculty,non-fiction,12
74,66,11/22/2024,11/23/2024,22,11,2024,60,FALSE,0,student,art,1
21,106,2/16/2023,3/6/2023,16,2,2023,491,FALSE,1,student,science,18
100,104,2/12/2023,2/25/2023,12,2,2023,303,FALSE,1,student,art,13
75,127,6/18/2022,7/1/2022,18,6,2022,299,FALSE,1,staff,fiction,13
39,178,9/1/2022,9/18/2022,1,9,2022,499,FALSE,1,faculty,non-fiction,17
19,3,12/1/2020,12/2/2020,1,12,2020,50,TRUE,0,student,fiction,1
22,88,7/17/2022,7/24/2022,17,7,2022,173,TRUE,0,student,fiction,7
37,171,6/14/2022,6/30/2022,14,6,2022,382,FALSE,1,staff,fiction,16
88,190,10/25/2021,11/14/2021,25,10,2021,470,TRUE,1,faculty,fiction,20
46,13,2/18/2020,3/6/2020,18,2,2020,401,TRUE,1,staff,fiction,17
48,55,5/19/2023,5/26/2023,19,5,2023,144,FALSE,0,faculty,art,7
86,129,9/17/2021,9/24/2021,17,9,2021,184,TRUE,0,faculty,art,7
23,137,2/12/2024,2/28/2024,12,2,2024,334,TRUE,1,student,art,16
97,75,2/19/2025,3/1/2025,19,2,2025,251,TRUE,1,faculty,fiction,10
61,83,8/4/2022,8/16/2022,4,8,2022,339,FALSE,1,faculty,science,12
26,187,9/13/2024,9/28/2024,13,9,2024,360,TRUE,1,staff,fiction,15
95,53,9/20/2020,10/4/2020,20,9,2020,299,FALSE,1,student,art,14
11,26,12/27/2022,1/15/2023,27,12,2022,458,FALSE,1,student,history,19
86,173,12/31/2021,1/6/2022,31,12,2021,168,FALSE,0,student,art,6
98,163,9/10/2022,9/18/2022,10,9,2022,210,FALSE,1,faculty,fiction,8
42,26,7/21/2023,8/5/2023,21,7,2023,377,TRUE,1,faculty,history,15
92,159,6/27/2022,7/2/2022,27,6,2022,199,TRUE,0,faculty,non-fiction,5
79,49,1/2/2025,1/5/2025,2,1,2025,87,TRUE,0,student,art,3
68,29,5/11/2024,5/13/2024,11,5,2024,101,TRUE,0,student,science,2
49,188,1/5/2025,1/8/2025,5,1,2025,127,TRUE,0,faculty,non-fiction,3
23,27,11/3/2022,11/17/2022,3,11,2022,319,FALSE,1,faculty,fiction,14
43,97,12/7/2024,12/11/2024,7,12,2024,124,FALSE,0,student,art,4
55,150,5/7/2021,5/22/2021,7,5,2021,416,FALSE,1,student,non-fiction,15
16,188,12/15/2021,12/17/2021,15,12,2021,68,FALSE,0,staff,art,2
76,3,3/9/2024,3/23/2024,9,3,2024,390,FALSE,1,faculty,history,14
80,65,7/28/2020,8/12/2020,28,7,2020,425,FALSE,1,faculty,science,15
24,121,3/23/2024,4/7/2024,23,3,2024,308,FALSE,1,student,fiction,15
21,183,6/22/2022,6/26/2022,22,6,2022,183,FALSE,0,staff,science,4
65,120,3/6/2022,3/9/2022,6,3,2022,168,FALSE,0,student,non-fiction,3
17,106,5/13/2020,5/14/2020,13,5,2020,52,TRUE,0,faculty,fiction,1
92,179,4/23/2024,4/25/2024,23,4,2024,53,TRUE,0,staff,history,2
81,183,12/17/2024,12/26/2024,17,12,2024,221,FALSE,1,staff,fiction,9
21,166,4/11/2021,4/30/2021,11,4,2021,407,FALSE,1,staff,art,19
23,193,6/14/2022,6/18/2022,14,6,2022,118,TRUE,0,faculty,fiction,4
70,10,7/17/2021,8/4/2021,17,7,2021,481,FALSE,1,staff,non-fiction,18
81,33,10/22/2020,11/5/2020,22,10,2020,411,TRUE,1,student,non-fiction,14
67,167,8/18/2021,8/25/2021,18,8,2021,242,TRUE,0,faculty,science,7
50,121,8/22/2020,8/30/2020,22,8,2020,200,FALSE,1,faculty,history,8
49,182,2/27/2021,3/8/2021,27,2,2021,262,TRUE,1,staff,history,9
57,186,3/10/2025,3/25/2025,10,3,2025,425,FALSE,1,student,history,15
81,119,4/24/2024,4/25/2024,24,4,2024,68,FALSE,0,staff,history,1
72,164,11/7/2022,11/17/2022,7,11,2022,241,FALSE,1,staff,fiction,10
53,14,9/17/2024,9/20/2024,17,9,2024,125,TRUE,0,faculty,science,3
88,16,2/21/2020,2/22/2020,21,2,2020,70,TRUE,0,staff,fiction,1
26,56,1/26/2022,2/15/2022,26,1,2022,401,FALSE,1,staff,art,20
5,171,5/30/2023,6/19/2023,30,5,2023,435,TRUE,1,staff,art,20
65,160,1/12/2024,1/16/2024,12,1,2024,147,TRUE,0,student,science,4
19,168,4/15/2024,4/16/2024,15,4,2024,108,TRUE,0,faculty,science,1
72,37,11/18/2024,11/24/2024,18,11,2024,195,TRUE,0,faculty,non-fiction,6
67,18,6/29/2024,7/19/2024,29,6,2024,534,TRUE,1,faculty,history,20
74,173,12/7/2024,12/24/2024,7,12,2024,456,FALSE,1,student,non-fiction,17
80,141,12/22/2021,1/2/2022,22,12,2021,264,FALSE,1,student,art,11
22,184,3/7/2020,3/24/2020,7,3,2020,482,TRUE,1,student,non-fiction,17
31,148,10/15/2024,10/30/2024,15,10,2024,336,TRUE,1,faculty,fiction,15
67,125,1/4/2024,1/17/2024,4,1,2024,345,FALSE,1,faculty,history,13
87,95,12/11/2024,12/14/2024,11,12,2024,133,TRUE,0,staff,history,3
36,124,4/4/2022,4/14/2022,4,4,2022,306,TRUE,1,student,science,10
94,125,8/15/2024,8/18/2024,15,8,2024,81,FALSE,0,staff,history,3
75,71,7/30/2022,8/9/2022,30,7,2022,273,TRUE,1,staff,history,10
96,64,8/27/2022,9/5/2022,27,8,2022,210,TRUE,1,student,fiction,9
50,32,3/13/2024,3/21/2024,13,3,2024,199,FALSE,1,staff,fiction,8
8,106,10/23/2022,11/1/2022,23,10,2022,213,FALSE,1,student,art,9
65,107,6/27/2023,7/7/2023,27,6,2023,281,TRUE,1,student,science,10
30,29,12/15/2022,12/18/2022,15,12,2022,66,TRUE,0,student,art,3
12,146,10/2/2023,10/9/2023,2,10,2023,183,FALSE,0,faculty,art,7
19,145,7/27/2024,8/8/2024,27,7,2024,355,TRUE,1,staff,science,12
10,12,3/13/2022,3/29/2022,13,3,2022,405,TRUE,1,faculty,non-fiction,16
8,161,3/13/2022,3/21/2022,13,3,2022,219,FALSE,1,faculty,fiction,8
89,38,5/5/2021,5/23/2021,5,5,2021,463,TRUE,1,staff,history,18
62,167,4/14/2025,4/26/2025,14,4,2025,276,FALSE,1,staff,fiction,12
27,90,8/28/2023,9/2/2023,28,8,2023,149,TRUE,0,student,non-fiction,5
72,102,9/28/2020,10/10/2020,28,9,2020,334,FALSE,1,student,history,12
88,159,3/15/2023,3/30/2023,15,3,2023,395,FALSE,1,staff,history,15
66,127,6/24/2024,7/10/2024,24,6,2024,415,FALSE,1,faculty,fiction,16
21,111,5/18/2023,5/30/2023,18,5,2023,327,TRUE,1,faculty,history,12
52,73,2/20/2024,3/7/2024,20,2,2024,477,TRUE,1,staff,science,16
26,146,10/28/2021,11/16/2021,28,10,2021,409,TRUE,1,student,art,19
58,88,6/29/2024,7/15/2024,29,6,2024,466,FALSE,1,student,non-fiction,16
6,91,11/14/2023,12/1/2023,14,11,2023,487,TRUE,1,staff,non-fiction,17
5,152,7/21/2024,8/6/2024,21,7,2024,395,TRUE,1,student,fiction,16
24,77,11/28/2020,12/6/2020,28,11,2020,239,TRUE,1,staff,non-fiction,8
83,141,3/7/2025,3/10/2025,7,3,2025,103,TRUE,0,staff,history,3
40,118,8/22/2024,9/6/2024,22,8,2024,380,TRUE,1,staff,history,15
52,73,7/26/2021,8/15/2021,26,7,2021,566,TRUE,1,student,non-fiction,20
52,119,1/21/2025,2/2/2025,21,1,2025,301,FALSE,1,faculty,art,12
55,124,2/15/2022,2/17/2022,15,2,2022,88,TRUE,0,student,non-fiction,2
5,135,6/22/2020,7/9/2020,22,6,2020,468,TRUE,1,staff,non-fiction,17
62,186,9/26/2021,10/8/2021,26,9,2021,279,TRUE,1,staff,art,12
38,22,4/15/2022,5/1/2022,15,4,2022,407,FALSE,1,student,history,16
70,72,9/12/2023,9/19/2023,12,9,2023,221,TRUE,0,staff,history,7
73,16,1/7/2023,1/21/2023,7,1,2023,290,TRUE,1,staff,fiction,14
55,23,5/23/2022,5/27/2022,23,5,2022,120,FALSE,0,faculty,history,4
12,34,11/30/2023,12/9/2023,30,11,2023,200,TRUE,1,student,art,9
43,78,8/14/2022,8/26/2022,14,8,2022,232,TRUE,1,staff,art,12
64,196,2/14/2022,2/23/2022,14,2,2022,268,TRUE,1,student,science,9
78,141,3/19/2025,4/1/2025,19,3,2025,326,FALSE,1,student,history,13
59,161,8/30/2020,9/1/2020,30,8,2020,93,TRUE,0,faculty,non-fiction,2
78,44,3/31/2022,4/6/2022,31,3,2022,218,TRUE,0,staff,non-fiction,6
2,69,1/7/2021,1/14/2021,7,1,2021,180,TRUE,0,faculty,fiction,7
17,96,12/13/2022,12/14/2022,13,12,2022,50,TRUE,0,student,fiction,1
5,24,9/11/2020,10/1/2020,11,9,2020,551,FALSE,1,staff,non-fiction,20
12,172,8/31/2024,9/6/2024,31,8,2024,174,FALSE,0,faculty,art,6
28,180,5/5/2023,5/20/2023,5,5,2023,426,FALSE,1,student,science,15
45,96,1/31/2020,2/20/2020,31,1,2020,536,FALSE,1,faculty,non-fiction,20
76,198,3/3/2023,3/23/2023,3,3,2023,466,TRUE,1,faculty,fiction,20
92,117,2/13/2025,3/3/2025,13,2,2025,388,FALSE,1,faculty,art,18
100,50,10/13/2020,10/31/2020,13,10,2020,535,TRUE,1,staff,science,18
8,147,10/24/2020,11/10/2020,24,10,2020,393,FALSE,1,staff,fiction,17
90,3,2/28/2021,3/4/2021,28,2,2021,134,FALSE,0,staff,fiction,4
90,145,5/19/2023,6/7/2023,19,5,2023,394,TRUE,1,faculty,art,19
4,146,1/22/2021,1/25/2021,22,1,2021,95,FALSE,0,staff,art,3
13,43,3/25/2020,4/8/2020,25,3,2020,327,FALSE,1,staff,fiction,14
90,154,8/14/2021,8/19/2021,14,8,2021,113,FALSE,0,faculty,art,5
65,159,5/17/2021,5/23/2021,17,5,2021,178,FALSE,0,student,science,6
97,149,7/28/2023,8/14/2023,28,7,2023,406,TRUE,1,staff,fiction,17
84,12,4/13/2025,4/14/2025,13,4,2025,59,TRUE,0,student,history,1
1,27,4/17/2023,5/1/2023,17,4,2023,399,FALSE,1,faculty,science,14
17,28,3/24/2025,3/25/2025,24,3,2025,57,TRUE,0,staff,fiction,1
63,8,11/12/2022,11/18/2022,12,11,2022,201,FALSE,0,faculty,history,6
35,4,10/16/2022,10/19/2022,16,10,2022,54,FALSE,0,student,art,3
61,185,6/22/2022,7/4/2022,22,6,2022,247,FALSE,1,staff,art,12
77,38,3/3/2024,3/16/2024,3,3,2024,293,FALSE,1,faculty,fiction,13
6,167,3/20/2022,3/22/2022,20,3,2022,115,TRUE,0,faculty,history,2
49,120,1/25/2023,2/5/2023,25,1,2023,343,TRUE,1,student,science,11
96,99,1/25/2020,2/7/2020,25,1,2020,307,FALSE,1,faculty,art,13
56,91,8/11/2021,8/22/2021,11,8,2021,233,TRUE,1,student,art,11
23,195,11/21/2022,11/24/2022,21,11,2022,81,FALSE,0,student,fiction,3
47,32,9/28/2021,10/6/2021,28,9,2021,256,FALSE,1,staff,non-fiction,8
83,63,5/28/2022,6/8/2022,28,5,2022,325,TRUE,1,staff,non-fiction,11
49,108,12/6/2023,12/9/2023,6,12,2023,137,FALSE,0,student,science,3
99,22,8/14/2021,8/21/2021,14,8,2021,229,FALSE,0,student,science,7
44,51,1/4/2020,1/9/2020,4,1,2020,178,FALSE,0,faculty,non-fiction,5
22,164,12/17/2021,12/25/2021,17,12,2021,197,FALSE,1,faculty,art,8
20,59,12/18/2021,12/24/2021,18,12,2021,169,FALSE,0,staff,art,6
22,88,11/28/2020,12/5/2020,28,11,2020,189,FALSE,0,faculty,art,7
19,123,2/1/2023,2/17/2023,1,2,2023,422,TRUE,1,student,non-fiction,16
52,182,1/21/2020,1/29/2020,21,1,2020,208,FALSE,1,faculty,non-fiction,8
40,29,5/21/2020,6/10/2020,21,5,2020,522,FALSE,1,staff,history,20
28,172,9/7/2020,9/14/2020,7,9,2020,225,FALSE,0,staff,history,7
26,196,3/14/2020,3/22/2020,14,3,2020,230,TRUE,1,faculty,non-fiction,8
25,10,1/30/2021,1/31/2021,30,1,2021,50,TRUE,0,student,history,1
38,72,10/26/2024,11/11/2024,26,10,2024,472,TRUE,1,faculty,science,16
85,179,6/27/2022,6/29/2022,27,6,2022,105,TRUE,0,faculty,history,2
66,184,11/13/2023,11/14/2023,13,11,2023,104,TRUE,0,student,non-fiction,1
90,13,3/12/2023,3/19/2023,12,3,2023,213,TRUE,0,student,history,7
73,35,9/2/2022,9/22/2022,2,9,2022,569,TRUE,1,faculty,science,20
56,69,4/7/2020,4/14/2020,7,4,2020,168,TRUE,0,faculty,fiction,7
42,101,9/21/2023,10/2/2023,21,9,2023,296,TRUE,1,faculty,history,11
52,156,8/25/2022,9/2/2022,25,8,2022,243,FALSE,1,staff,non-fiction,8
70,84,11/3/2023,11/18/2023,3,11,2023,315,FALSE,1,faculty,art,15
81,88,3/1/2025,3/11/2025,1,3,2025,336,TRUE,1,staff,non-fiction,10
95,54,9/18/2022,9/25/2022,18,9,2022,207,TRUE,0,staff,art,7
100,51,8/29/2020,9/9/2020,29,8,2020,288,TRUE,1,staff,fiction,11
8,86,7/5/2022,7/18/2022,5,7,2022,326,TRUE,1,student,history,13
60,33,7/27/2020,8/15/2020,27,7,2020,496,FALSE,1,staff,history,19
9,13,6/19/2024,6/21/2024,19,6,2024,100,FALSE,0,faculty,history,2
2,2,9/25/2024,10/12/2024,25,9,2024,484,TRUE,1,staff,non-fiction,17
91,113,4/15/2022,5/3/2022,15,4,2022,480,FALSE,1,faculty,history,18
12,54,5/21/2024,6/2/2024,21,5,2024,285,TRUE,1,faculty,art,12
21,188,2/3/2022,2/8/2022,3,2,2022,193,TRUE,0,faculty,science,5
39,99,10/22/2020,11/3/2020,22,10,2020,376,FALSE,1,faculty,science,12
68,121,8/28/2022,9/11/2022,28,8,2022,424,TRUE,1,staff,science,14
60,9,8/10/2020,8/14/2020,10,8,2020,102,FALSE,0,staff,history,4
49,148,1/12/2021,1/26/2021,12,1,2021,419,TRUE,1,student,science,14
22,42,6/16/2024,6/19/2024,16,6,2024,101,FALSE,0,student,history,3
72,73,12/4/2020,12/20/2020,4,12,2020,389,FALSE,1,faculty,history,16
83,162,8/7/2022,8/16/2022,7,8,2022,304,FALSE,1,faculty,non-fiction,9
56,123,7/20/2021,7/28/2021,20,7,2021,280,TRUE,1,faculty,non-fiction,8
45,4,1/19/2020,1/29/2020,19,1,2020,297,FALSE,1,student,history,10
33,169,11/28/2020,12/3/2020,28,11,2020,147,FALSE,0,student,fiction,5
34,9,3/20/2024,3/29/2024,20,3,2024,250,FALSE,1,faculty,fiction,9
52,159,9/23/2020,9/24/2020,23,9,2020,56,FALSE,0,staff,art,1
40,159,1/24/2020,2/13/2020,24,1,2020,436,TRUE,1,student,art,20
6,140,2/26/2020,3/1/2020,26,2,2020,128,TRUE,0,staff,non-fiction,4
100,57,4/21/2023,5/3/2023,21,4,2023,357,FALSE,1,faculty,non-fiction,12
61,65,11/5/2024,11/16/2024,5,11,2024,269,TRUE,1,student,fiction,11
82,137,5/12/2021,5/13/2021,12,5,2021,50,FALSE,0,student,history,1
70,164,7/5/2023,7/20/2023,5,7,2023,443,FALSE,1,student,science,15
13,179,10/31/2023,11/2/2023,31,10,2023,95,TRUE,0,staff,non-fiction,2
70,107,10/9/2022,10/23/2022,9,10,2022,398,FALSE,1,staff,history,14
77,69,1/23/2024,2/1/2024,23,1,2024,302,TRUE,1,faculty,science,9
21,113,10/4/2022,10/11/2022,4,10,2022,185,TRUE,0,staff,fiction,7
74,187,9/26/2021,10/6/2021,26,9,2021,251,TRUE,1,staff,fiction,10
13,181,9/3/2024,9/6/2024,3,9,2024,96,TRUE,0,staff,art,3
97,159,2/13/2022,2/28/2022,13,2,2022,348,TRUE,1,faculty,fiction,15
35,97,1/11/2025,1/17/2025,11,1,2025,178,TRUE,0,student,non-fiction,6
34,136,1/4/2021,1/7/2021,4,1,2021,119,FALSE,0,student,non-fiction,3
12,117,12/7/2021,12/19/2021,7,12,2021,306,FALSE,1,staff,history,12
24,157,6/23/2021,7/1/2021,23,6,2021,237,FALSE,1,student,science,8
93,64,6/14/2022,6/20/2022,14,6,2022,173,FALSE,0,staff,fiction,6
99,199,5/24/2020,5/26/2020,24,5,2020,83,TRUE,0,staff,art,2
65,78,1/15/2021,1/30/2021,15,1,2021,301,FALSE,1,staff,art,15
87,193,5/31/2022,6/3/2022,31,5,2022,125,TRUE,0,student,science,3
9,69,2/9/2025,3/1/2025,9,2,2025,594,FALSE,1,student,science,20
17,140,1/19/2021,1/26/2021,19,1,2021,242,TRUE,0,faculty,non-fiction,7
83,147,12/21/2023,1/7/2024,21,12,2023,412,FALSE,1,faculty,fiction,17
76,154,11/23/2024,12/11/2024,23,11,2024,415,TRUE,1,faculty,fiction,18
42,83,3/14/2023,3/23/2023,14,3,2023,199,FALSE,1,staff,art,9
60,32,1/19/2024,1/31/2024,19,1,2024,300,FALSE,1,staff,history,12
97,138,8/7/2023,8/23/2023,7,8,2023,359,FALSE,1,faculty,art,16
78,92,11/3/2022,11/11/2022,3,11,2022,266,FALSE,1,student,science,8
99,147,7/24/2022,7/30/2022,24,7,2022,187,FALSE,0,faculty,fiction,6
16,38,8/18/2023,8/29/2023,18,8,2023,288,TRUE,1,faculty,fiction,11
48,41,9/1/2024,9/21/2024,1,9,2024,550,TRUE,1,staff,non-fiction,20
30,31,3/24/2022,3/26/2022,24,3,2022,78,FALSE,0,staff,science,2
34,112,9/17/2023,10/1/2023,17,9,2023,307,TRUE,1,faculty,art,14
71,95,8/7/2022,8/14/2022,7,8,2022,237,TRUE,0,faculty,science,7
24,91,3/12/2020,3/21/2020,12,3,2020,282,FALSE,1,staff,science,9
15,51,11/27/2023,12/2/2023,27,11,2023,162,TRUE,0,student,non-fiction,5
87,32,11/1/2020,11/20/2020,1,11,2020,485,TRUE,1,student,history,19
26,19,5/21/2024,6/9/2024,21,5,2024,403,TRUE,1,student,art,19
54,79,11/14/2021,11/16/2021,14,11,2021,89,TRUE,0,student,science,2
70,148,3/17/2021,3/25/2021,17,3,2021,254,TRUE,1,staff,non-fiction,8
88,47,3/14/2021,3/23/2021,14,3,2021,243,FALSE,1,faculty,history,9
92,155,10/10/2024,10/27/2024,10,10,2024,439,FALSE,1,student,history,17
32,116,11/24/2022,12/8/2022,24,11,2022,370,FALSE,1,faculty,history,14
9,55,1/31/2020,2/1/2020,31,1,2020,51,FALSE,0,staff,non-fiction,1
80,190,9/20/2024,10/8/2024,20,9,2024,406,FALSE,1,student,fiction,18
54,121,3/26/2025,4/9/2025,26,3,2025,426,TRUE,1,student,non-fiction,14
78,75,12/22/2021,1/10/2022,22,12,2021,391,FALSE,1,student,art,19
70,132,6/25/2021,6/29/2021,25,6,2021,116,FALSE,0,faculty,science,4
79,152,5/24/2020,6/8/2020,24,5,2020,355,TRUE,1,staff,history,15
55,142,9/10/2023,9/17/2023,10,9,2023,185,FALSE,0,student,fiction,7
20,191,6/9/2024,6/12/2024,9,6,2024,112,FALSE,0,student,history,3
77,32,2/2/2022,2/14/2022,2,2,2022,363,FALSE,1,faculty,science,12
7,191,5/12/2024,5/21/2024,12,5,2024,236,TRUE,1,staff,art,9
10,13,10/6/2023,10/19/2023,6,10,2023,343,FALSE,1,student,science,13
90,66,6/14/2023,6/20/2023,14,6,2023,188,FALSE,0,staff,history,6
60,62,12/21/2020,1/5/2021,21,12,2020,417,TRUE,1,staff,history,15
9,145,11/5/2021,11/24/2021,5,11,2021,415,TRUE,1,staff,fiction,19
27,195,5/14/2023,6/3/2023,14,5,2023,425,TRUE,1,staff,art,20
2,199,9/5/2020,9/21/2020,5,9,2020,339,TRUE,1,staff,art,16
88,137,12/9/2021,12/12/2021,9,12,2021,106,TRUE,0,student,non-fiction,3
14,198,2/22/2020,3/7/2020,22,2,2020,360,FALSE,1,student,history,14
5,10,11/6/2021,11/23/2021,6,11,2021,460,TRUE,1,student,history,17
69,51,10/26/2021,11/1/2021,26,10,2021,188,TRUE,0,student,art,6
18,4,6/6/2022,6/13/2022,6,6,2022,178,FALSE,0,staff,fiction,7
37,53,2/2/2023,2/9/2023,2,2,2023,238,FALSE,0,faculty,history,7
64,199,1/3/2021,1/19/2021,3,1,2021,451,TRUE,1,staff,non-fiction,16
70,144,4/25/2020,5/10/2020,25,4,2020,365,FALSE,1,staff,art,15
35,19,4/1/2020,4/17/2020,1,4,2020,410,TRUE,1,staff,history,16
43,128,8/5/2024,8/20/2024,5,8,2024,446,TRUE,1,staff,science,15
78,142,4/6/2023,4/10/2023,6,4,2023,154,FALSE,0,student,non-fiction,4
20,99,5/8/2023,5/21/2023,8,5,2023,448,FALSE,1,student,science,13
79,32,3/1/2021,3/3/2021,1,3,2021,104,FALSE,0,faculty,history,2
89,5,12/25/2024,1/10/2025,25,12,2024,360,TRUE,1,faculty,fiction,16
99,14,1/27/2024,2/4/2024,27,1,2024,244,TRUE,1,staff,history,8
82,191,11/23/2023,12/2/2023,23,11,2023,208,TRUE,1,student,art,9
7,117,9/15/2022,9/26/2022,15,9,2022,245,TRUE,1,staff,art,11
77,22,6/22/2024,7/11/2024,22,6,2024,543,TRUE,1,faculty,non-fiction,19
66,78,4/5/2025,4/7/2025,5,4,2025,76,FALSE,0,staff,art,2
60,19,4/18/2020,4/21/2020,18,4,2020,132,TRUE,0,faculty,science,3
25,23,10/12/2022,10/29/2022,12,10,2022,476,TRUE,1,staff,non-fiction,17
85,187,5/12/2022,5/23/2022,12,5,2022,330,FALSE,1,student,non-fiction,11
41,87,11/23/2024,12/8/2024,23,11,2024,341,FALSE,1,staff,art,15
2,168,7/21/2021,7/28/2021,21,7,2021,169,FALSE,0,staff,history,7
73,59,12/11/2022,12/22/2022,11,12,2022,350,FALSE,1,staff,science,11
68,8,4/20/2024,4/23/2024,20,4,2024,104,TRUE,0,staff,non-fiction,3
47,161,7/18/2022,8/1/2022,18,7,2022,392,TRUE,1,faculty,science,14
66,84,7/6/2023,7/16/2023,6,7,2023,298,FALSE,1,student,non-fiction,10
19,159,4/24/2022,5/1/2022,24,4,2022,176,FALSE,0,student,art,7
36,194,11/5/2021,11/10/2021,5,11,2021,168,TRUE,0,student,science,5
56,151,6/18/2024,7/8/2024,18,6,2024,447,TRUE,1,staff,art,20
23,174,5/5/2023,5/6/2023,5,5,2023,50,FALSE,0,student,science,1
37,129,5/11/2022,5/17/2022,11,5,2022,156,FALSE,0,faculty,fiction,6
18,11,10/12/2023,10/15/2023,12,10,2023,101,TRUE,0,student,history,3
40,149,12/31/2023,1/8/2024,31,12,2023,226,FALSE,1,staff,history,8
61,184,3/26/2023,3/31/2023,26,3,2023,178,TRUE,0,student,non-fiction,5
10,54,11/6/2024,11/20/2024,6,11,2024,295,TRUE,1,staff,art,14
84,101,6/8/2020,6/17/2020,8,6,2020,287,FALSE,1,staff,non-fiction,9
100,55,11/25/2020,11/27/2020,25,11,2020,89,FALSE,0,faculty,history,2
58,79,4/1/2020,4/3/2020,1,4,2020,67,TRUE,0,faculty,science,2
100,70,2/16/2021,2/26/2021,16,2,2021,264,FALSE,1,student,non-fiction,10
68,29,10/2/2023,10/11/2023,2,10,2023,226,FALSE,1,staff,fiction,9
42,147,4/27/2024,4/28/2024,27,4,2024,61,FALSE,0,faculty,history,1
92,109,3/6/2020,3/21/2020,6,3,2020,331,TRUE,1,staff,art,15
23,39,12/12/2021,12/14/2021,12,12,2021,88,TRUE,0,student,history,2
61,181,10/17/2024,10/27/2024,17,10,2024,316,FALSE,1,staff,science,10
49,32,5/9/2021,5/21/2021,9,5,2021,306,TRUE,1,staff,fiction,12
13,148,4/27/2023,5/15/2023,27,4,2023,438,TRUE,1,faculty,history,18
60,168,11/18/2020,11/25/2020,18,11,2020,163,TRUE,0,staff,fiction,7
55,173,1/1/2023,1/12/2023,1,1,2023,319,FALSE,1,faculty,science,11
48,170,8/3/2021,8/16/2021,3,8,2021,396,TRUE,1,student,science,13
23,49,11/28/2024,12/16/2024,28,11,2024,437,TRUE,1,student,fiction,18
71,166,2/20/2025,3/3/2025,20,2,2025,288,FALSE,1,staff,history,11
84,180,1/29/2023,2/17/2023,29,1,2023,505,TRUE,1,staff,science,19
20,154,4/21/2023,4/25/2023,21,4,2023,104,TRUE,0,faculty,history,4
55,31,11/5/2022,11/6/2022,5,11,2022,50,FALSE,0,student,fiction,1
66,171,8/7/2020,8/19/2020,7,8,2020,340,TRUE,1,staff,non-fiction,12
8,125,4/23/2024,4/29/2024,23,4,2024,147,TRUE,0,student,art,6
53,151,3/3/2022,3/14/2022,3,3,2022,254,FALSE,1,staff,art,11
96,190,9/17/2022,9/24/2022,17,9,2022,198,FALSE,0,faculty,history,7
98,117,9/22/2021,10/4/2021,22,9,2021,384,FALSE,1,faculty,science,12
68,108,12/24/2022,1/4/2023,24,12,2022,326,FALSE,1,faculty,science,11
18,24,1/9/2022,1/16/2022,9,1,2022,159,FALSE,0,student,art,7
70,40,3/23/2022,4/7/2022,23,3,2022,342,FALSE,1,staff,art,15
68,123,9/30/2023,10/13/2023,30,9,2023,347,TRUE,1,faculty,non-fiction,13
22,183,5/27/2021,6/9/2021,27,5,2021,382,FALSE,1,staff,non-fiction,13
94,198,10/6/2020,10/9/2020,6,10,2020,124,TRUE,0,faculty,non-fiction,3
96,69,3/2/2024,3/14/2024,2,3,2024,362,FALSE,1,faculty,science,12
18,166,4/7/2022,4/19/2022,7,4,2022,302,FALSE,1,staff,art,12
29,199,7/22/2021,7/27/2021,22,7,2021,131,TRUE,0,staff,fiction,5
7,72,10/3/2023,10/17/2023,3,10,2023,437,TRUE,1,student,non-fiction,14
90,65,12/21/2020,1/9/2021,21,12,2020,546,FALSE,1,staff,science,19
58,21,2/11/2020,2/20/2020,11,2,2020,191,TRUE,1,staff,art,9
78,140,11/8/2020,11/25/2020,8,11,2020,498,TRUE,1,student,science,17
97,148,2/9/2025,2/27/2025,9,2,2025,395,TRUE,1,faculty,fiction,18
70,75,4/18/2022,4/24/2022,18,4,2022,167,FALSE,0,staff,history,6
86,98,7/19/2023,8/6/2023,19,7,2023,530,FALSE,1,faculty,science,18
70,68,12/22/2022,12/28/2022,22,12,2022,191,TRUE,0,student,history,6
2,157,7/26/2021,7/30/2021,26,7,2021,136,TRUE,0,student,non-fiction,4
64,21,4/25/2024,5/7/2024,25,4,2024,307,FALSE,1,staff,fiction,12
39,120,5/29/2023,6/2/2023,29,5,2023,155,TRUE,0,student,history,4
74,197,4/24/2024,4/26/2024,24,4,2024,106,FALSE,0,student,fiction,2
27,171,10/14/2023,10/28/2023,14,10,2023,410,TRUE,1,staff,non-fiction,14
16,198,10/12/2023,10/28/2023,12,10,2023,397,FALSE,1,faculty,fiction,16
59,70,10/18/2022,10/27/2022,18,10,2022,240,TRUE,1,faculty,non-fiction,9
76,43,5/10/2024,5/13/2024,10,5,2024,90,FALSE,0,faculty,art,3
12,67,11/9/2024,11/25/2024,9,11,2024,357,FALSE,1,staff,fiction,16
72,85,11/2/2021,11/11/2021,2,11,2021,276,FALSE,1,staff,non-fiction,9
10,19,3/5/2020,3/9/2020,5,3,2020,111,FALSE,0,faculty,fiction,4
68,35,2/5/2021,2/13/2021,5,2,2021,256,FALSE,1,student,science,8
11,148,2/19/2023,3/11/2023,19,2,2023,610,TRUE,1,student,science,20
31,196,11/25/2022,12/3/2022,25,11,2022,256,TRUE,1,staff,science,8
31,181,6/17/2023,7/5/2023,17,6,2023,509,TRUE,1,faculty,non-fiction,18
30,156,10/31/2022,11/18/2022,31,10,2022,410,TRUE,1,faculty,fiction,18
93,10,12/23/2022,1/6/2023,23,12,2022,367,FALSE,1,staff,history,14
73,88,5/1/2021,5/15/2021,1,5,2021,331,FALSE,1,staff,fiction,14
34,170,6/15/2023,7/2/2023,15,6,2023,443,FALSE,1,faculty,history,17
77,154,4/25/2021,4/27/2021,25,4,2021,97,TRUE,0,staff,art,2
98,22,1/29/2024,2/13/2024,29,1,2024,363,TRUE,1,staff,art,15
32,50,11/1/2024,11/3/2024,1,11,2024,106,TRUE,0,faculty,science,2
63,72,8/8/2024,8/20/2024,8,8,2024,360,FALSE,1,staff,non-fiction,12
1,94,3/31/2025,4/9/2025,31,3,2025,265,TRUE,1,student,science,9
26,177,8/23/2020,8/24/2020,23,8,2020,54,FALSE,0,staff,art,1
27,193,9/19/2024,9/24/2024,19,9,2024,189,TRUE,0,faculty,non-fiction,5
29,46,5/31/2023,6/4/2023,31,5,2023,150,TRUE,0,staff,history,4
20,183,10/31/2021,11/3/2021,31,10,2021,99,TRUE,0,staff,art,3
4,169,5/28/2020,6/4/2020,28,5,2020,191,FALSE,0,faculty,art,7
41,145,10/3/2023,10/10/2023,3,10,2023,242,TRUE,0,faculty,science,7
66,1,5/16/2020,5/21/2020,16,5,2020,179,FALSE,0,faculty,history,5
89,123,7/20/2024,8/1/2024,20,7,2024,279,TRUE,1,faculty,art,12
97,159,7/25/2024,7/29/2024,25,7,2024,115,FALSE,0,faculty,fiction,4
29,44,9/22/2020,9/29/2020,22,9,2020,181,TRUE,0,staff,art,7
72,48,1/14/2020,1/28/2020,14,1,2020,365,TRUE,1,faculty,science,14
92,187,1/14/2022,1/21/2022,14,1,2022,230,FALSE,0,staff,non-fiction,7
88,149,1/29/2021,2/2/2021,29,1,2021,69,FALSE,0,student,history,4
83,25,2/7/2022,2/12/2022,7,2,2022,141,TRUE,0,student,non-fiction,5
72,32,9/3/2022,9/6/2022,3,9,2022,104,TRUE,0,student,art,3
56,7,12/11/2023,12/30/2023,11,12,2023,558,TRUE,1,faculty,science,19
43,64,3/25/2020,3/30/2020,25,3,2020,114,FALSE,0,student,art,5
53,74,9/19/2023,10/8/2023,19,9,2023,537,TRUE,1,faculty,science,19
31,137,4/18/2024,4/24/2024,18,4,2024,188,TRUE,0,student,fiction,6
77,26,3/21/2025,3/30/2025,21,3,2025,205,FALSE,1,staff,art,9
3,164,6/9/2020,6/15/2020,9,6,2020,247,FALSE,0,student,science,6
76,197,5/1/2020,5/6/2020,1,5,2020,157,TRUE,0,faculty,history,5
70,111,1/22/2020,2/2/2020,22,1,2020,346,TRUE,1,staff,science,11
88,92,11/12/2022,11/27/2022,12,11,2022,418,TRUE,1,staff,history,15
28,164,10/31/2023,11/12/2023,31,10,2023,352,TRUE,1,faculty,non-fiction,12
1,165,4/29/2024,5/7/2024,29,4,2024,230,FALSE,1,faculty,non-fiction,8
39,82,1/5/2021,1/24/2021,5,1,2021,433,FALSE,1,student,fiction,19
96,142,10/24/2022,11/8/2022,24,10,2022,443,TRUE,1,faculty,science,15
37,121,7/23/2020,8/1/2020,23,7,2020,261,TRUE,1,faculty,science,9
10,185,6/1/2022,6/13/2022,1,6,2022,269,FALSE,1,staff,art,12
88,173,1/5/2025,1/15/2025,5,1,2025,299,TRUE,1,staff,science,10
46,7,4/1/2020,4/2/2020,1,4,2020,82,FALSE,0,staff,history,1
99,90,3/15/2022,3/18/2022,15,3,2022,123,TRUE,0,faculty,non-fiction,3
63,124,9/11/2023,9/16/2023,11,9,2023,167,TRUE,0,staff,non-fiction,5
72,65,5/29/2023,6/5/2023,29,5,2023,182,FALSE,0,faculty,fiction,7
18,80,5/4/2023,5/18/2023,4,5,2023,422,FALSE,1,student,science,14
16,117,3/6/2025,3/13/2025,6,3,2025,186,FALSE,0,faculty,art,7
66,81,7/24/2023,7/31/2023,24,7,2023,166,TRUE,0,faculty,fiction,7
69,96,1/12/2021,1/19/2021,12,1,2021,156,TRUE,0,student,art,7
43,103,5/28/2024,6/11/2024,28,5,2024,437,TRUE,1,faculty,science,14
1,68,8/4/2022,8/14/2022,4,8,2022,266,TRUE,1,student,history,10
96,69,2/9/2024,2/15/2024,9,2,2024,172,TRUE,0,staff,non-fiction,6
85,141,1/16/2025,1/26/2025,16,1,2025,307,FALSE,1,student,non-fiction,10
6,144,12/23/2024,1/12/2025,23,12,2024,584,FALSE,1,faculty,science,20
37,95,11/8/2021,11/22/2021,8,11,2021,390,TRUE,1,student,science,14
25,114,10/12/2023,10/31/2023,12,10,2023,416,FALSE,1,staff,art,19
49,106,4/23/2021,5/1/2021,23,4,2021,218,TRUE,1,student,fiction,8
68,187,1/26/2022,1/31/2022,26,1,2022,164,TRUE,0,faculty,history,5
11,9,5/12/2020,5/28/2020,12,5,2020,384,FALSE,1,student,fiction,16
32,155,11/26/2024,12/12/2024,26,11,2024,347,FALSE,1,student,fiction,16
56,125,1/6/2025,1/13/2025,6,1,2025,229,TRUE,0,staff,non-fiction,7
17,60,2/28/2021,3/4/2021,28,2,2021,129,TRUE,0,staff,history,4
46,36,9/3/2022,9/14/2022,3,9,2022,287,FALSE,1,staff,history,11
64,74,11/29/2024,12/9/2024,29,11,2024,289,FALSE,1,faculty,history,10
61,15,10/15/2021,10/26/2021,15,10,2021,351,FALSE,1,faculty,non-fiction,11
9,7,3/4/2021,3/15/2021,4,3,2021,357,FALSE,1,staff,non-fiction,11
93,32,5/11/2023,5/29/2023,11,5,2023,416,TRUE,1,student,art,18
63,100,6/18/2022,6/25/2022,18,6,2022,173,TRUE,0,faculty,art,7
2,172,8/18/2023,8/26/2023,18,8,2023,255,TRUE,1,student,non-fiction,8
17,183,3/6/2025,3/15/2025,6,3,2025,240,TRUE,1,student,fiction,9
91,99,9/17/2024,9/27/2024,17,9,2024,249,FALSE,1,staff,fiction,10
61,197,4/4/2021,4/6/2021,4,4,2021,99,FALSE,0,student,non-fiction,2
56,48,7/17/2020,7/18/2020,17,7,2020,86,FALSE,0,faculty,non-fiction,1
